{"_wandb":{"runtime":76},"_runtime":76.863586927,"_step":0,"train/batch_loss":154.92022705078125,"_timestamp":1.7628580274872587e+09}