{
  "threshold": 0.1,
  "per_source": {
    "train.tsv|train.tsv.gz": {
      "total_rows": 278536,
      "removed_rows": 89852,
      "removed_ratio": 0.322586667432576
    },
    "ysharma_short_jokes.csv": {
      "total_rows": 230421,
      "removed_rows": 73468,
      "removed_ratio": 0.31884246661545607
    },
    "amirkid_jokes.csv": {
      "total_rows": 160824,
      "removed_rows": 55054,
      "removed_ratio": 0.34232452867731183
    },
    "shuttie_dadjokes.csv": {
      "total_rows": 51278,
      "removed_rows": 8505,
      "removed_ratio": 0.16586060298763602
    },
    "deepseek_jokes_dataset_500k.csv": {
      "total_rows": 23553,
      "removed_rows": 1402,
      "removed_ratio": 0.05952532586082453
    },
    "gemini_jokes_dataset_500k.csv": {
      "total_rows": 2487,
      "removed_rows": 338,
      "removed_ratio": 0.13590671491757136
    }
  },
  "overall": {
    "total_rows": 747099,
    "removed_rows": 228619,
    "removed_ratio": 0.3060089760527052
  }
}