{
  "model_name": "decoder_50k",
  "model_checkpoint": "../models/checkpoints/checkpoint_49500.pt",
  "decode_params": {
    "max_new_tokens": 64,
    "temperature": 1.0,
    "top_k": 0
  },
  "num_examples": 450,
  "mean_topic_recall_hard": 0.9062962962962963,
  "median_topic_recall_hard": 1.0,
  "mean_topic_full_hit_hard": 0.8511111111111112,
  "median_topic_full_hit_hard": 1.0,
  "mean_topic_recall_soft": 0.9185185185185186,
  "median_topic_recall_soft": 1.0,
  "mean_topic_full_hit_soft": 0.8688888888888889,
  "median_topic_full_hit_soft": 1.0,
  "mean_ppl_gpt2": 182.96390403370526,
  "median_ppl_gpt2": 156.82905953829035,
  "mean_max_bleu_train": 0.06930085456734214,
  "median_max_bleu_train": 0.0507451153469307,
  "mean_copy_flag_bleu": 0.0,
  "median_copy_flag_bleu": 0.0,
  "mean_max_sim_train": 0.6172750617398156,
  "median_max_sim_train": 0.6182698905467987,
  "mean_sem_dup_flag": 0.0,
  "median_sem_dup_flag": 0.0,
  "diversity": {
    "distinct_1": 0.19402199344875995,
    "distinct_2": 0.6184668989547039
  },
  "by_num_topics": {
    "1": {
      "num_examples": 150,
      "mean_topic_recall_hard": 0.8533333333333334,
      "median_topic_recall_hard": 1.0,
      "mean_topic_full_hit_hard": 0.8533333333333334,
      "median_topic_full_hit_hard": 1.0,
      "mean_topic_recall_soft": 0.8733333333333333,
      "median_topic_recall_soft": 1.0,
      "mean_topic_full_hit_soft": 0.8733333333333333,
      "median_topic_full_hit_soft": 1.0,
      "mean_ppl_gpt2": 199.37675960458054,
      "median_ppl_gpt2": 166.7759687417565,
      "mean_max_bleu_train": 0.0783477918089145,
      "median_max_bleu_train": 0.05415315253510895,
      "mean_copy_flag_bleu": 0.0,
      "median_copy_flag_bleu": 0.0,
      "mean_max_sim_train": 0.5889954360326132,
      "median_max_sim_train": 0.5863947570323944,
      "mean_sem_dup_flag": 0.0,
      "median_sem_dup_flag": 0.0
    },
    "2": {
      "num_examples": 150,
      "mean_topic_recall_hard": 0.9233333333333333,
      "median_topic_recall_hard": 1.0,
      "mean_topic_full_hit_hard": 0.8533333333333334,
      "median_topic_full_hit_hard": 1.0,
      "mean_topic_recall_soft": 0.9266666666666666,
      "median_topic_recall_soft": 1.0,
      "mean_topic_full_hit_soft": 0.86,
      "median_topic_full_hit_soft": 1.0,
      "mean_ppl_gpt2": 181.5236950673814,
      "median_ppl_gpt2": 159.8855677733976,
      "mean_max_bleu_train": 0.07258100835814058,
      "median_max_bleu_train": 0.053594504058888416,
      "mean_copy_flag_bleu": 0.0,
      "median_copy_flag_bleu": 0.0,
      "mean_max_sim_train": 0.6264793090025584,
      "median_max_sim_train": 0.6222889423370361,
      "mean_sem_dup_flag": 0.0,
      "median_sem_dup_flag": 0.0
    },
    "3": {
      "num_examples": 150,
      "mean_topic_recall_hard": 0.9422222222222221,
      "median_topic_recall_hard": 1.0,
      "mean_topic_full_hit_hard": 0.8466666666666667,
      "median_topic_full_hit_hard": 1.0,
      "mean_topic_recall_soft": 0.9555555555555556,
      "median_topic_recall_soft": 1.0,
      "mean_topic_full_hit_soft": 0.8733333333333333,
      "median_topic_full_hit_soft": 1.0,
      "mean_ppl_gpt2": 167.99125742915385,
      "median_ppl_gpt2": 148.59810015703954,
      "mean_max_bleu_train": 0.056973763534971314,
      "median_max_bleu_train": 0.04449945957170705,
      "mean_copy_flag_bleu": 0.0,
      "median_copy_flag_bleu": 0.0,
      "mean_max_sim_train": 0.6363504401842753,
      "median_max_sim_train": 0.6346781253814697,
      "mean_sem_dup_flag": 0.0,
      "median_sem_dup_flag": 0.0
    }
  }
}